[
    {
        "key": "group_613a0bf73d066",
        "title": "FBposts",
        "fields": [
            {
                "key": "field_613a0e4f4b0dd",
                "label": "Created Time",
                "name": "created_time",
                "type": "date_time_picker",
                "instructions": "",
                "required": 1,
                "conditional_logic": 0,
                "wrapper": {
                    "width": "",
                    "class": "",
                    "id": ""
                },
                "display_format": "Y-m-d H:i:s",
                "return_format": "Y-m-d H:i:s",
                "first_day": 1
            },
            {
                "key": "field_613a0ecd4b0de",
                "label": "File Links",
                "name": "file_links",
                "type": "text",
                "instructions": "",
                "required": 0,
                "conditional_logic": 0,
                "wrapper": {
                    "width": "",
                    "class": "",
                    "id": ""
                },
                "default_value": "",
                "placeholder": "",
                "prepend": "",
                "append": "",
                "maxlength": ""
            },
            {
                "key": "field_613a13b4b1948",
                "label": "Author ID",
                "name": "author_id",
                "type": "text",
                "instructions": "",
                "required": 1,
                "conditional_logic": 0,
                "wrapper": {
                    "width": "",
                    "class": "",
                    "id": ""
                },
                "default_value": "",
                "placeholder": "",
                "prepend": "",
                "append": "",
                "maxlength": ""
            },
            {
                "key": "field_613a1407fecab",
                "label": "Updated Time",
                "name": "updated_time",
                "type": "date_time_picker",
                "instructions": "",
                "required": 1,
                "conditional_logic": 0,
                "wrapper": {
                    "width": "",
                    "class": "",
                    "id": ""
                },
                "display_format": "Y-m-d H:i:s",
                "return_format": "Y-m-d H:i:s",
                "first_day": 1
            },
            {
                "key": "field_613a144ba92a4",
                "label": "Author Name",
                "name": "author_name",
                "type": "text",
                "instructions": "",
                "required": 1,
                "conditional_logic": 0,
                "wrapper": {
                    "width": "",
                    "class": "",
                    "id": ""
                },
                "default_value": "",
                "placeholder": "",
                "prepend": "",
                "append": "",
                "maxlength": ""
            },
            {
                "key": "field_613a14c4ed432",
                "label": "Type",
                "name": "type",
                "type": "text",
                "instructions": "",
                "required": 1,
                "conditional_logic": 0,
                "wrapper": {
                    "width": "",
                    "class": "",
                    "id": ""
                },
                "default_value": "",
                "placeholder": "",
                "prepend": "",
                "append": "",
                "maxlength": ""
            },
            {
                "key": "field_613c9999ba672",
                "label": "Post Content",
                "name": "post_content",
                "type": "text",
                "instructions": "",
                "required": 1,
                "conditional_logic": 0,
                "wrapper": {
                    "width": "",
                    "class": "",
                    "id": ""
                },
                "default_value": "",
                "placeholder": "",
                "prepend": "",
                "append": "",
                "maxlength": ""
            },
            {
                "key": "field_613c99a7ba673",
                "label": "Post ID",
                "name": "post_id",
                "type": "text",
                "instructions": "",
                "required": 1,
                "conditional_logic": 0,
                "wrapper": {
                    "width": "",
                    "class": "",
                    "id": ""
                },
                "default_value": "",
                "placeholder": "",
                "prepend": "",
                "append": "",
                "maxlength": ""
            },
            {
                "key": "field_613c99b6ba674",
                "label": "Migration Status",
                "name": "migration_status",
                "type": "select",
                "instructions": "Choose between 'migrated', 'pending review', 'declined', or 'spam'.",
                "required": 1,
                "conditional_logic": 0,
                "wrapper": {
                    "width": "",
                    "class": "",
                    "id": ""
                },
                "choices": {
                    "migrated": "migrated",
                    "pending review": "pending review",
                    "declined": "declined",
                    "spam": "spam"
                },
                "default_value": false,
                "allow_null": 0,
                "multiple": 0,
                "ui": 0,
                "return_format": "value",
                "ajax": 0,
                "placeholder": ""
            },
            {
                "key": "field_615c3e5529900",
                "label": "Rejection Reason",
                "name": "rejection_reason",
                "type": "text",
                "instructions": "",
                "required": 0,
                "conditional_logic": 0,
                "wrapper": {
                    "width": "",
                    "class": "",
                    "id": ""
                },
                "default_value": "",
                "placeholder": "",
                "prepend": "",
                "append": "",
                "maxlength": ""
            }
        ],
        "location": [
            [
                {
                    "param": "post_type",
                    "operator": "==",
                    "value": "fbposts"
                }
            ]
        ],
        "menu_order": 0,
        "position": "normal",
        "style": "default",
        "label_placement": "top",
        "instruction_placement": "label",
        "hide_on_screen": "",
        "active": true,
        "description": ""
    }
]